<application>
  <component name="FileTypeManager" version="17">
    <extensionMap>
      <mapping ext="gradle.kts" type="Kotlin" />
      <mapping ext="main.kts" type="Kotlin" />
      <mapping pattern="2" type="PLAIN_TEXT" />
      <mapping pattern="1" type="PLAIN_TEXT" />
      <mapping pattern="0" type="PLAIN_TEXT" />
      <mapping ext="reg" type="PLAIN_TEXT" />
      <mapping ext="jsm" type="PLAIN_TEXT" />
      <mapping ext="jmm" type="PLAIN_TEXT" />
      <mapping ext="keys" type="PLAIN_TEXT" />
    </extensionMap>
  </component>
</application>