<application>
  <component name="VimEditorSettings">
    <editor />
  </component>
  <component name="VimHistorySettings">
    <history>
      <history-search>
        <entry>Statement</entry>
        <entry>Return</entry>
        <entry>Assign</entry>
        <entry>Self</entry>
        <entry>ge()</entry>
        <entry>ge(</entry>
        <entry>ASTMetho</entry>
        <entry>SymbolTableMethod</entry>
        <entry>Assignement</entry>
        <entry>Assignment</entry>
        <entry>SymbolTable</entry>
        <entry>Flow</entry>
        <entry>Symbol</entry>
        <entry>VarR</entry>
        <entry>VarRe</entry>
        <entry>Branch</entry>
        <entry>Paramete</entry>
        <entry>Var</entry>
        <entry>VarRefe</entry>
        <entry>Checkin</entry>
      </history-search>
      <history-cmd>
        <entry encoding="base64">JzwsJz5zL21hbmdGaWxlUmVnL3N0b3JlZENodW5rUmVnL2dj</entry>
        <entry encoding="base64">JzwsJz5zL21hbmdGaWxlc1JlZy9zdG9yZWRDaHVua1JlZy9nYw==</entry>
        <entry encoding="base64">JzwsJz5zL1N5c3RlbVwub3V0L3dyaXRlci9nYw==</entry>
        <entry encoding="base64">JzwsJz5zL09iamVjdC9QL2dj</entry>
        <entry>w</entry>
      </history-cmd>
      <history-expr />
      <history-input />
    </history>
  </component>
  <component name="VimKeySettings">
    <shortcut-conflicts>
      <shortcut-conflict owner="vim">
        <text>ctrl pressed P</text>
      </shortcut-conflict>
      <shortcut-conflict owner="vim">
        <text>ctrl pressed V</text>
      </shortcut-conflict>
      <shortcut-conflict owner="ide">
        <text>ctrl pressed I</text>
      </shortcut-conflict>
      <shortcut-conflict owner="ide">
        <text>ctrl pressed F</text>
      </shortcut-conflict>
      <shortcut-conflict owner="vim">
        <text>ctrl pressed R</text>
      </shortcut-conflict>
      <shortcut-conflict owner="ide">
        <text>ctrl pressed O</text>
      </shortcut-conflict>
      <shortcut-conflict owner="vim">
        <text>ctrl pressed OPEN_BRACKET</text>
      </shortcut-conflict>
      <shortcut-conflict owner="vim">
        <text>ctrl pressed CLOSE_BRACKET</text>
      </shortcut-conflict>
      <shortcut-conflict owner="vim">
        <text>ctrl pressed C</text>
      </shortcut-conflict>
      <shortcut-conflict owner="vim">
        <text>ctrl pressed G</text>
      </shortcut-conflict>
      <shortcut-conflict owner="vim">
        <text>ctrl pressed S</text>
      </shortcut-conflict>
    </shortcut-conflicts>
  </component>
  <component name="VimMarksSettings">
    <globalmarks />
    <filemarks>
      <file name="$USER_HOME$/WHAREHOUSE/Programacao/comp2020-5b/.gitignore" timestamp="1588108822157">
        <mark key="[" line="139" column="10" />
      </file>
      <file name="$USER_HOME$/WHAREHOUSE/Programacao/comp2020-5b/src/symbolTable/SymbolTableMethod.java" timestamp="1588349036532">
        <mark key="'" line="31" column="26" />
        <mark key="[" line="101" column="52" />
        <mark key="]" line="101" column="0" />
        <mark key="^" line="22" column="40" />
        <mark key="." line="101" column="0" />
      </file>
      <file name="/Dummy.txt" timestamp="1588088857792">
        <mark key="[" line="0" column="0" />
      </file>
      <file name="$USER_HOME$/WHAREHOUSE/Programacao/comp2020-5b/test/fixtures/public/Life.jmm" timestamp="1588115017791">
        <mark key="'" line="188" column="31" />
      </file>
      <file name="/a.dummy" timestamp="1588086950314">
        <mark key="[" line="0" column="0" />
      </file>
      <file name="$USER_HOME$/WHAREHOUSE/Programacao/comp2020-5b/src/generation/ClassContext.java" timestamp="1588086965482">
        <mark key="[" line="2" column="27" />
      </file>
      <file name="$USER_HOME$/WHAREHOUSE/Programacao/comp2020-5b/io.java" timestamp="1588108585694">
        <mark key="[" line="0" column="0" />
      </file>
      <file name="$USER_HOME$/WHAREHOUSE/Programacao/comp2020-5b/src/symbolTable/descriptor/VarDescriptor.java" timestamp="1588348863831">
        <mark key="[" line="47" column="5" />
        <mark key="]" line="44" column="0" />
        <mark key="." line="44" column="0" />
      </file>
      <file name="$USER_HOME$/WHAREHOUSE/Programacao/comp2020-5b/src/symbolTable/SymbolTableClass.java" timestamp="1588348912041">
        <mark key="[" line="128" column="20" />
        <mark key="]" line="128" column="20" />
        <mark key="." line="128" column="20" />
      </file>
      <file name="$USER_HOME$/WHAREHOUSE/Programacao/comp2020-5b/test/ParserTest.java" timestamp="1588090103989">
        <mark key="[" line="147" column="0" />
        <mark key="]" line="147" column="0" />
        <mark key="." line="147" column="0" />
      </file>
      <file name="$USER_HOME$/WHAREHOUSE/Programacao/comp2020-5b/javacc/parser/MyGrammar.jjt" timestamp="1588115054628">
        <mark key="[" line="471" column="26" />
        <mark key="]" line="274" column="71" />
        <mark key="." line="274" column="71" />
      </file>
      <file name="$USER_HOME$/WHAREHOUSE/Programacao/comp2020-5b/src/semantics/FlowState.java" timestamp="1588346540168">
        <mark key="[" line="20" column="32" />
        <mark key="]" line="20" column="33" />
        <mark key="^" line="20" column="33" />
        <mark key="." line="20" column="32" />
      </file>
      <file name="$USER_HOME$/WHAREHOUSE/Programacao/comp2020-5b/Test.jmm" timestamp="1588087816900">
        <mark key="[" line="2" column="0" />
        <mark key="]" line="2" column="0" />
        <mark key="^" line="3" column="13" />
        <mark key="." line="2" column="0" />
      </file>
      <file name="$USER_HOME$/WHAREHOUSE/Programacao/comp2020-5b/src/generation/JasminGeneratorVisitor.java" timestamp="1588456845081">
        <mark key="'" line="3" column="30" />
      </file>
      <file name="$USER_HOME$/WHAREHOUSE/Programacao/comp2020-5b/src/symbolTable/descriptor/VarType.java" timestamp="1588348821909">
        <mark key="[" line="2" column="21" />
        <mark key="]" line="2" column="11" />
        <mark key="." line="2" column="10" />
        <mark key="^" line="2" column="11" />
      </file>
      <file name="$USER_HOME$/WHAREHOUSE/Programacao/comp2020-5b/src/Main.java" timestamp="1588029225098">
        <mark key="[" line="5" column="8" />
        <mark key="]" line="44" column="0" />
        <mark key="." line="44" column="0" />
      </file>
      <file name="/fragment.java" timestamp="1588088879294">
        <mark key="[" line="0" column="0" />
      </file>
    </filemarks>
    <jumps>
      <jump line="9" column="0" filename="$USER_HOME$/WHAREHOUSE/Programacao/comp2020-5b/src/symbolTable/SymbolTableMethod.java" />
      <jump line="14" column="42" filename="$USER_HOME$/WHAREHOUSE/Programacao/comp2020-5b/src/symbolTable/SymbolTableMethod.java" />
      <jump line="15" column="12" filename="$USER_HOME$/WHAREHOUSE/Programacao/comp2020-5b/src/symbolTable/SymbolTableMethod.java" />
      <jump line="20" column="26" filename="$USER_HOME$/WHAREHOUSE/Programacao/comp2020-5b/src/symbolTable/SymbolTableMethod.java" />
      <jump line="261" column="31" filename="$USER_HOME$/WHAREHOUSE/Programacao/comp2020-5b/src/semantics/SemanticVisitor.java" />
      <jump line="248" column="19" filename="$USER_HOME$/WHAREHOUSE/Programacao/comp2020-5b/src/semantics/SemanticVisitor.java" />
      <jump line="445" column="47" filename="$USER_HOME$/WHAREHOUSE/Programacao/comp2020-5b/src/semantics/SemanticVisitor.java" />
      <jump line="223" column="0" filename="$USER_HOME$/WHAREHOUSE/Programacao/comp2020-5b/src/semantics/SemanticVisitor.java" />
      <jump line="315" column="8" filename="$USER_HOME$/WHAREHOUSE/Programacao/comp2020-5b/src/semantics/SemanticVisitor.java" />
      <jump line="326" column="51" filename="$USER_HOME$/WHAREHOUSE/Programacao/comp2020-5b/src/semantics/SemanticVisitor.java" />
      <jump line="62" column="32" filename="$USER_HOME$/WHAREHOUSE/Programacao/comp2020-5b/src/semantics/SemanticVisitor.java" />
      <jump line="111" column="35" filename="$USER_HOME$/WHAREHOUSE/Programacao/comp2020-5b/src/semantics/SemanticVisitor.java" />
      <jump line="164" column="8" filename="$USER_HOME$/WHAREHOUSE/Programacao/comp2020-5b/src/semantics/SemanticVisitor.java" />
      <jump line="196" column="0" filename="$USER_HOME$/WHAREHOUSE/Programacao/comp2020-5b/src/semantics/SemanticVisitor.java" />
      <jump line="306" column="12" filename="$USER_HOME$/WHAREHOUSE/Programacao/comp2020-5b/src/generation/JasminGeneratorVisitor.java" />
      <jump line="200" column="27" filename="$USER_HOME$/WHAREHOUSE/Programacao/comp2020-5b/src/generation/JasminGeneratorVisitor.java" />
      <jump line="301" column="53" filename="$USER_HOME$/WHAREHOUSE/Programacao/comp2020-5b/src/generation/JasminGeneratorVisitor.java" />
      <jump line="131" column="8" filename="$USER_HOME$/WHAREHOUSE/Programacao/comp2020-5b/src/generation/JasminGeneratorVisitor.java" />
      <jump line="166" column="33" filename="$USER_HOME$/WHAREHOUSE/Programacao/comp2020-5b/src/generation/JasminGeneratorVisitor.java" />
      <jump line="15" column="35" filename="$USER_HOME$/WHAREHOUSE/Programacao/comp2020-5b/src/semantics/SemanticVisitor.java" />
      <jump line="204" column="38" filename="$USER_HOME$/WHAREHOUSE/Programacao/comp2020-5b/src/generation/JasminGeneratorVisitor.java" />
      <jump line="328" column="20" filename="$USER_HOME$/WHAREHOUSE/Programacao/comp2020-5b/src/generation/JasminGeneratorVisitor.java" />
      <jump line="30" column="19" filename="$USER_HOME$/WHAREHOUSE/Programacao/comp2020-5b/test/fixtures/public/Life.jmm" />
      <jump line="188" column="31" filename="$USER_HOME$/WHAREHOUSE/Programacao/comp2020-5b/test/fixtures/public/Life.jmm" />
      <jump line="491" column="0" filename="$USER_HOME$/WHAREHOUSE/Programacao/comp2020-5b/src/semantics/SemanticVisitor.java" />
      <jump line="121" column="40" filename="$USER_HOME$/WHAREHOUSE/Programacao/comp2020-5b/src/semantics/SemanticVisitor.java" />
      <jump line="158" column="13" filename="$USER_HOME$/WHAREHOUSE/Programacao/comp2020-5b/src/semantics/SemanticVisitor.java" />
      <jump line="314" column="36" filename="$USER_HOME$/WHAREHOUSE/Programacao/comp2020-5b/src/semantics/SemanticVisitor.java" />
      <jump line="320" column="8" filename="$USER_HOME$/WHAREHOUSE/Programacao/comp2020-5b/src/semantics/SemanticVisitor.java" />
      <jump line="478" column="52" filename="$USER_HOME$/WHAREHOUSE/Programacao/comp2020-5b/src/semantics/SemanticVisitor.java" />
      <jump line="189" column="51" filename="$USER_HOME$/WHAREHOUSE/Programacao/comp2020-5b/src/semantics/SemanticVisitor.java" />
      <jump line="245" column="34" filename="$USER_HOME$/WHAREHOUSE/Programacao/comp2020-5b/src/semantics/SemanticVisitor.java" />
      <jump line="304" column="0" filename="$USER_HOME$/WHAREHOUSE/Programacao/comp2020-5b/src/semantics/SemanticVisitor.java" />
      <jump line="310" column="8" filename="$USER_HOME$/WHAREHOUSE/Programacao/comp2020-5b/src/semantics/SemanticVisitor.java" />
      <jump line="322" column="8" filename="$USER_HOME$/WHAREHOUSE/Programacao/comp2020-5b/src/semantics/SemanticVisitor.java" />
      <jump line="480" column="32" filename="$USER_HOME$/WHAREHOUSE/Programacao/comp2020-5b/src/semantics/SemanticVisitor.java" />
      <jump line="174" column="41" filename="$USER_HOME$/WHAREHOUSE/Programacao/comp2020-5b/src/semantics/SemanticVisitor.java" />
      <jump line="459" column="0" filename="$USER_HOME$/WHAREHOUSE/Programacao/comp2020-5b/src/semantics/SemanticVisitor.java" />
      <jump line="385" column="30" filename="$USER_HOME$/WHAREHOUSE/Programacao/comp2020-5b/src/semantics/SemanticVisitor.java" />
      <jump line="506" column="24" filename="$USER_HOME$/WHAREHOUSE/Programacao/comp2020-5b/src/semantics/SemanticVisitor.java" />
      <jump line="230" column="0" filename="$USER_HOME$/WHAREHOUSE/Programacao/comp2020-5b/src/semantics/SemanticVisitor.java" />
      <jump line="472" column="0" filename="$USER_HOME$/WHAREHOUSE/Programacao/comp2020-5b/src/semantics/SemanticVisitor.java" />
      <jump line="533" column="8" filename="$USER_HOME$/WHAREHOUSE/Programacao/comp2020-5b/src/semantics/SemanticVisitor.java" />
      <jump line="102" column="8" filename="$USER_HOME$/WHAREHOUSE/Programacao/comp2020-5b/src/semantics/SemanticVisitor.java" />
      <jump line="148" column="52" filename="$USER_HOME$/WHAREHOUSE/Programacao/comp2020-5b/src/semantics/SemanticVisitor.java" />
      <jump line="168" column="21" filename="$USER_HOME$/WHAREHOUSE/Programacao/comp2020-5b/src/semantics/SemanticVisitor.java" />
      <jump line="169" column="33" filename="$USER_HOME$/WHAREHOUSE/Programacao/comp2020-5b/src/semantics/SemanticVisitor.java" />
      <jump line="170" column="49" filename="$USER_HOME$/WHAREHOUSE/Programacao/comp2020-5b/src/semantics/SemanticVisitor.java" />
      <jump line="172" column="41" filename="$USER_HOME$/WHAREHOUSE/Programacao/comp2020-5b/src/semantics/SemanticVisitor.java" />
      <jump line="173" column="45" filename="$USER_HOME$/WHAREHOUSE/Programacao/comp2020-5b/src/semantics/SemanticVisitor.java" />
      <jump line="175" column="41" filename="$USER_HOME$/WHAREHOUSE/Programacao/comp2020-5b/src/semantics/SemanticVisitor.java" />
      <jump line="176" column="51" filename="$USER_HOME$/WHAREHOUSE/Programacao/comp2020-5b/src/semantics/SemanticVisitor.java" />
      <jump line="181" column="42" filename="$USER_HOME$/WHAREHOUSE/Programacao/comp2020-5b/src/semantics/SemanticVisitor.java" />
      <jump line="182" column="25" filename="$USER_HOME$/WHAREHOUSE/Programacao/comp2020-5b/src/semantics/SemanticVisitor.java" />
      <jump line="183" column="49" filename="$USER_HOME$/WHAREHOUSE/Programacao/comp2020-5b/src/semantics/SemanticVisitor.java" />
      <jump line="186" column="33" filename="$USER_HOME$/WHAREHOUSE/Programacao/comp2020-5b/src/semantics/SemanticVisitor.java" />
      <jump line="187" column="45" filename="$USER_HOME$/WHAREHOUSE/Programacao/comp2020-5b/src/semantics/SemanticVisitor.java" />
      <jump line="191" column="51" filename="$USER_HOME$/WHAREHOUSE/Programacao/comp2020-5b/src/semantics/SemanticVisitor.java" />
      <jump line="199" column="35" filename="$USER_HOME$/WHAREHOUSE/Programacao/comp2020-5b/src/semantics/SemanticVisitor.java" />
      <jump line="216" column="35" filename="$USER_HOME$/WHAREHOUSE/Programacao/comp2020-5b/src/semantics/SemanticVisitor.java" />
      <jump line="231" column="8" filename="$USER_HOME$/WHAREHOUSE/Programacao/comp2020-5b/src/semantics/SemanticVisitor.java" />
      <jump line="243" column="18" filename="$USER_HOME$/WHAREHOUSE/Programacao/comp2020-5b/src/semantics/SemanticVisitor.java" />
      <jump line="263" column="8" filename="$USER_HOME$/WHAREHOUSE/Programacao/comp2020-5b/src/semantics/SemanticVisitor.java" />
      <jump line="268" column="53" filename="$USER_HOME$/WHAREHOUSE/Programacao/comp2020-5b/src/semantics/SemanticVisitor.java" />
      <jump line="271" column="37" filename="$USER_HOME$/WHAREHOUSE/Programacao/comp2020-5b/src/semantics/SemanticVisitor.java" />
      <jump line="272" column="49" filename="$USER_HOME$/WHAREHOUSE/Programacao/comp2020-5b/src/semantics/SemanticVisitor.java" />
      <jump line="275" column="36" filename="$USER_HOME$/WHAREHOUSE/Programacao/comp2020-5b/src/semantics/SemanticVisitor.java" />
      <jump line="276" column="55" filename="$USER_HOME$/WHAREHOUSE/Programacao/comp2020-5b/src/semantics/SemanticVisitor.java" />
      <jump line="312" column="8" filename="$USER_HOME$/WHAREHOUSE/Programacao/comp2020-5b/src/semantics/SemanticVisitor.java" />
      <jump line="313" column="22" filename="$USER_HOME$/WHAREHOUSE/Programacao/comp2020-5b/src/semantics/SemanticVisitor.java" />
      <jump line="324" column="8" filename="$USER_HOME$/WHAREHOUSE/Programacao/comp2020-5b/src/semantics/SemanticVisitor.java" />
      <jump line="325" column="22" filename="$USER_HOME$/WHAREHOUSE/Programacao/comp2020-5b/src/semantics/SemanticVisitor.java" />
      <jump line="379" column="8" filename="$USER_HOME$/WHAREHOUSE/Programacao/comp2020-5b/src/semantics/SemanticVisitor.java" />
      <jump line="473" column="8" filename="$USER_HOME$/WHAREHOUSE/Programacao/comp2020-5b/src/semantics/SemanticVisitor.java" />
      <jump line="508" column="32" filename="$USER_HOME$/WHAREHOUSE/Programacao/comp2020-5b/src/semantics/SemanticVisitor.java" />
      <jump line="534" column="8" filename="$USER_HOME$/WHAREHOUSE/Programacao/comp2020-5b/src/semantics/SemanticVisitor.java" />
      <jump line="55" column="29" filename="$USER_HOME$/WHAREHOUSE/Programacao/comp2020-5b/src/semantics/SemanticVisitor.java" />
      <jump line="101" column="35" filename="$USER_HOME$/WHAREHOUSE/Programacao/comp2020-5b/src/semantics/SemanticVisitor.java" />
      <jump line="100" column="30" filename="$USER_HOME$/WHAREHOUSE/Programacao/comp2020-5b/src/semantics/SemanticVisitor.java" />
      <jump line="414" column="8" filename="$USER_HOME$/WHAREHOUSE/Programacao/comp2020-5b/src/semantics/SemanticVisitor.java" />
      <jump line="471" column="34" filename="$USER_HOME$/WHAREHOUSE/Programacao/comp2020-5b/src/semantics/SemanticVisitor.java" />
      <jump line="249" column="0" filename="$USER_HOME$/WHAREHOUSE/Programacao/comp2020-5b/src/semantics/SemanticVisitor.java" />
      <jump line="382" column="37" filename="$USER_HOME$/WHAREHOUSE/Programacao/comp2020-5b/src/semantics/SemanticVisitor.java" />
      <jump line="387" column="47" filename="$USER_HOME$/WHAREHOUSE/Programacao/comp2020-5b/src/semantics/SemanticVisitor.java" />
      <jump line="198" column="31" filename="$USER_HOME$/WHAREHOUSE/Programacao/comp2020-5b/src/semantics/SemanticVisitor.java" />
      <jump line="262" column="23" filename="$USER_HOME$/WHAREHOUSE/Programacao/comp2020-5b/src/semantics/SemanticVisitor.java" />
      <jump line="405" column="12" filename="$USER_HOME$/WHAREHOUSE/Programacao/comp2020-5b/src/semantics/SemanticVisitor.java" />
      <jump line="267" column="0" filename="$USER_HOME$/WHAREHOUSE/Programacao/comp2020-5b/src/semantics/SemanticVisitor.java" />
      <jump line="236" column="12" filename="$USER_HOME$/WHAREHOUSE/Programacao/comp2020-5b/src/semantics/SemanticVisitor.java" />
      <jump line="374" column="27" filename="$USER_HOME$/WHAREHOUSE/Programacao/comp2020-5b/src/semantics/SemanticVisitor.java" />
      <jump line="153" column="37" filename="$USER_HOME$/WHAREHOUSE/Programacao/comp2020-5b/src/semantics/SemanticVisitor.java" />
      <jump line="157" column="15" filename="$USER_HOME$/WHAREHOUSE/Programacao/comp2020-5b/src/semantics/SemanticVisitor.java" />
      <jump line="206" column="43" filename="$USER_HOME$/WHAREHOUSE/Programacao/comp2020-5b/src/semantics/SemanticVisitor.java" />
      <jump line="272" column="19" filename="$USER_HOME$/WHAREHOUSE/Programacao/comp2020-5b/src/generation/JasminGeneratorVisitor.java" />
      <jump line="3" column="30" filename="$USER_HOME$/WHAREHOUSE/Programacao/comp2020-5b/src/generation/JasminGeneratorVisitor.java" />
      <jump line="225" column="11" filename="$USER_HOME$/WHAREHOUSE/Programacao/comp2020-5b/src/semantics/SemanticVisitor.java" />
      <jump line="260" column="0" filename="$USER_HOME$/WHAREHOUSE/Programacao/comp2020-5b/src/semantics/SemanticVisitor.java" />
      <jump line="390" column="37" filename="$USER_HOME$/WHAREHOUSE/Programacao/comp2020-5b/src/semantics/SemanticVisitor.java" />
      <jump line="395" column="47" filename="$USER_HOME$/WHAREHOUSE/Programacao/comp2020-5b/src/semantics/SemanticVisitor.java" />
      <jump line="522" column="29" filename="$USER_HOME$/WHAREHOUSE/Programacao/comp2020-5b/src/semantics/SemanticVisitor.java" />
    </jumps>
  </component>
  <component name="VimRegisterSettings">
    <registers>
      <register name="&quot;" type="2">
        <text encoding="base64">ICAgICAgICAgICAgbm9kZS52YWx1ZS5qanRBY2NlcHQodGhpcywgZGF0YSk7Cg==</text>
      </register>
      <register name="-" type="4">
        <text>aload_0</text>
      </register>
      <register name="/" type="4">
        <text>Checkin</text>
      </register>
      <register name="0" type="2">
        <text encoding="base64">ICAgICAgICAgICAgbm9kZS52YWx1ZS5qanRBY2NlcHQodGhpcywgZGF0YSk7Cg==</text>
      </register>
      <register name="1" type="2">
        <text encoding="base64">ICAgICAgICAgICAgd3JpdGVyLnByaW50bG4oInN3YXAiKTsK</text>
      </register>
      <register name="2" type="2">
        <text encoding="base64">ICAgICAgICAgICAgd3JpdGVyLnByaW50bG4oInN3YXAiKTsK</text>
      </register>
      <register name="3" type="2">
        <text encoding="base64">ICAgICAgICBub2RlLnZhbHVlLmpqdEFjY2VwdCh0aGlzLCBkYXRhKTsK</text>
      </register>
      <register name="4" type="2">
        <text encoding="base64">ICAgICAgICAgICAgYSA9IDE7Cg==</text>
      </register>
      <register name="5" type="2">
        <text encoding="base64">ICAgICAgICAgICAgU3lzdGVtLm91dC5wcmludGYoIkNoZWNraW5nICVzXG4iLCB2YXIuZ2V0TmFtZSgpKTsK</text>
      </register>
      <register name="6" type="2">
        <text encoding="base64">ICAgICAgICAgICAgICAgIHZhci5zZXRGaWVsZChmYWxzZSk7Cg==</text>
      </register>
      <register name="7" type="2">
        <text encoding="base64">CiAgICBwdWJsaWMgYm9vbGVhbiBpc0ZpZWxkKCkgewogICAgICAgIHJldHVybiBpc0ZpZWxkOwogICAgfQo=</text>
      </register>
      <register name="8" type="2">
        <text encoding="base64">CiAgICBwdWJsaWMgdm9pZCBzZXRGaWVsZChib29sZWFuIGZpZWxkKSB7CiAgICAgICAgaXNGaWVsZCA9IGZpZWxkOwogICAgfQo=</text>
      </register>
      <register name="9" type="2">
        <text encoding="base64">ICAgIHByaXZhdGUgYm9vbGVhbiBpc0ZpZWxkOwo=</text>
      </register>
      <register name=":" type="4">
        <text>w</text>
      </register>
    </registers>
  </component>
  <component name="VimSearchSettings">
    <search>
      <last-search>Checkin</last-search>
      <last-offset />
      <last-pattern>Checkin</last-pattern>
      <last-replace>P</last-replace>
      <last-substitute>Object</last-substitute>
      <last-dir>1</last-dir>
      <show-last>false</show-last>
    </search>
  </component>
  <component name="VimSettings">
    <state version="6" enabled="true" />
    <notifications>
      <idea-join enabled="true" />
      <idea-put enabled="false" />
    </notifications>
  </component>
</application>